panel,n,pearson_r,rmse,x_min,x_max,y_min,y_max
J,722,0.7637525423973994,0.8573165663345752,-3.859578326515374,1.3215982126623322,-2.6072083692471453,0.7849382973993537
