panel,base,n,pearson_r,r_squared,rms
A,A,65,0.8279479517110867,0.685497810742584,0.2733133082013879
G,T,69,0.9149411619907607,0.8371173299050034,0.211799572323064
