panel,n,pearson_r,rmse
D,261,0.8306357510308839,0.26322228455770813
E,261,0.8312939429896062,0.26395745142878624
F,261,0.8338709950200017,0.26324930226787574
