panel,series,mean,se,n
L,4TF_self real seeds,0.8281575697736112,0.003589886439127939,5
L,scrambled-label controls,-0.09343942858386378,0.07986078772441225,10
M,4TF_self real seeds,0.7414610441189504,0.009001188035417986,5
M,scrambled-label controls,-0.08775958736234765,0.08982193718363803,10
