tf,n_sites,mean_occupancy,max_occupancy
ATF1,2,0.21265638096933664,0.238276619385123
ATF7,4,0.1964175924635462,0.2551570930957867
CREB1,8,0.04748945525429003,0.0699697156497779
CREM,11,0.008285089928504618,0.0188552144277407
