panel,series,mean,se,n,values
L,4TF real seeds,0.8281575697736112,0.003589886439127939,5,0.832567;0.834419;0.814733;0.826788;0.832280
L,scrambled-label controls,-0.09343942858386378,0.07986078772441225,10,0.213440;-0.036312;-0.277064;-0.582835;-0.280923;-0.012793;0.040468;-0.150461;0.279816;-0.127731
M,4TF real seeds,0.7414610441189504,0.009001188035417986,5,0.738278;0.763753;0.710158;0.752997;0.742120
M,scrambled-label controls,-0.08775958736234765,0.08982193718363803,10,-0.591226;-0.143495;-0.360688;0.244352;-0.045971;-0.277064;-0.184397;0.130450;0.014148;0.336296
