tf,coefficient,log10_coefficient
CREB1,8.806597020412472,0.9448081239899415
CREM,19.90891484377025,1.2990475889974706
ATF1,0.6455474551623649,-0.19007182658483257
ATF7,0.0001841640305501424,-3.7347951887917654
